Cust_ID,Fname,Lname,Street,City,State,Zipcode,Tele_No
1,Marys,Wohler,5511 Hayes Point,San Diego,CA,92170,619-191-8883
2,Eyde,Kinnen,5073 Beilfuss Road,Fort Pierce,FL,34981,772-190-5321
3,Shelba,Urey,08000 Clyde Gallagher Point,Green Bay,WI,54305,920-181-7531
4,Allister,Durham,9887 Forster Drive,Birmingham,AL,35215,205-903-0307
5,Isak,Accomb,6597 Mayer Place,Kansas City,MO,64130,816-575-2067
6,Erl,Styles,218 Pennsylvania Center,Bloomington,IN,47405,812-209-6112
7,Eula,Sictornes,7 Drewry Street,Norwalk,CT,06854,203-111-0488
8,Hermann,Gundry,6754 Vera Center,Syracuse,NY,13205,315-107-1365
9,Roderich,Malletratt,5 Summer Ridge Street,Farmington,MI,48335,248-858-1971
10,Rosco,Learmonth,7610 Northridge Parkway,Santa Monica,CA,90405,310-914-1647
11,Edgard,Munning,3 Bellgrove Drive,Falls Church,VA,22047,571-825-9854
12,Rodolfo,Woolley,6 Rowland Point,Meridian,MS,39305,601-601-9964
13,Alethea,Bennitt,04 Mcguire Trail,Anderson,SC,29625,864-964-4605
14,Mellisent,Wissbey,012 Granby Drive,Orlando,FL,32808,407-536-4022
15,Kermy,Novichenko,506 Green Point,Fort Pierce,FL,34949,772-216-7113
16,Thomasa,Domleo,22191 Wayridge Crossing,Portland,OR,97221,503-816-9557
17,Peter,Hardaker,12167 Sutteridge Alley,Saint Petersburg,FL,33742,727-553-0839
18,Aldric,Reinert,110 Hagan Drive,Iowa City,IA,52245,319-241-5324
19,Townie,Spellsworth,9 Golf Crossing,Colorado Springs,CO,80945,719-605-4611
20,Dawn,Baudains,51219 Killdeer Plaza,Atlanta,GA,30380,404-240-3726
21,Emilie,Guilloton,442 Nelson Pass,Raleigh,NC,27690,919-883-3319
22,Hamid,Furlonge,224 Merchant Point,Houston,TX,77240,713-894-9481
23,Herbert,Hulett,1 Montana Trail,Roanoke,VA,24040,540-740-8873
24,Ayn,Vaudrey,92 Melvin Place,Terre Haute,IN,47805,812-123-9245
25,Brooks,Lincke,503 Bobwhite Terrace,Las Vegas,NV,89145,702-768-3033
26,Nelia,Creffeild,5 Morning Point,Tacoma,WA,98447,253-993-8482
27,Randi,De Vaar,699 Ridgeview Terrace,Monticello,MN,55585,763-739-5049
28,Misti,Reame,2 Grayhawk Park,Naples,FL,34102,941-495-7299
29,Gayla,Braikenridge,39 Johnson Street,Nashville,TN,37220,615-440-2623
30,Roslyn,Sanney,22741 Hollow Ridge Point,Akron,OH,44393,234-585-5843
31,Mathew,Grosvener,962 Glacier Hill Trail,Springfield,IL,62705,217-292-4994
32,Angelina,Perelli,02 Fremont Terrace,Nashville,TN,37240,615-486-7530
33,Tamera,Goodchild,1 Fisk Trail,Wichita Falls,TX,76305,940-337-7306
34,Dorian,Berrisford,1 Troy Trail,Corpus Christi,TX,78410,361-520-5495
35,Had,Darree,03128 Buell Terrace,New Haven,CT,06505,203-322-5652
36,Georges,Cottrell,0 Westridge Drive,Chicago,IL,60674,312-660-0839
37,Pam,Jodlkowski,7 Declaration Crossing,Long Beach,CA,90840,562-164-6159
38,Cinda,Gummery,42 Trailsway Way,Fort Lauderdale,FL,33330,954-526-8585
39,Nerty,Laneham,8059 Gina Hill,Dallas,TX,75367,214-853-2025
40,Kathlin,Adamec,286 Dixon Court,Newark,DE,19725,302-688-4492
41,Ethelind,Friatt,65 Gina Parkway,Charlotte,NC,28235,704-282-8525
42,Bessie,Schneidau,3 New Castle Plaza,Baltimore,MD,21216,410-990-7277
43,Stacy,Hancorn,83 Loomis Plaza,Asheville,NC,28815,828-728-8248
44,Jewel,Brinklow,37 Hayes Trail,Apache Junction,AZ,85219,480-539-7191
45,Dulsea,Leer,03160 Autumn Leaf Park,Corona,CA,92878,951-512-7616
46,Gib,Hembry,90 Shopko Trail,Ocala,FL,34479,352-914-1600
47,Candida,Bus,288 Clyde Gallagher Way,Providence,RI,02905,401-524-4503
48,Anna-diana,Ubsdale,3 Cottonwood Junction,Atlanta,GA,30380,404-362-6573
49,Dorie,Kiffe,15576 Northport Center,Pittsburgh,PA,15266,-876-1813
50,Tammara,Sterre,77380 Buhler Junction,Great Neck,NY,11024,516-459-4762
