Trans_ID,Acct_No,Trans_Date,Trans_Type,Trans_Amt,Trans_Cmts
1,12,6/22/2017,Honorable,$7265.55,Vestibulum sed magna at nunc commodo placerat. Praesent blandit. Nam nulla.
2,2,5/28/2017,Mrs,$9587.93,Morbi a ipsum. Integer a nibh. In quis justo.
3,24,2/14/2017,Dr,$4078.78,"Donec ut mauris eget massa tempor convallis. Nulla neque libero, convallis eget, eleifend luctus, ultricies eu, nibh. Quisque id justo sit amet sapien dignissim vestibulum."
4,7,7/4/2017,Ms,$2613.16,"Quisque erat eros, viverra eget, congue eget, semper rutrum, nulla. Nunc purus. Phasellus in felis. Donec semper sapien a libero. Nam dui."
5,13,7/16/2017,Mrs,$65.63,Sed vel enim sit amet nunc viverra dapibus. Nulla suscipit ligula in lacus.
6,23,5/26/2017,Dr,$6578.43,"Morbi quis tortor id nulla ultrices aliquet. Maecenas leo odio, condimentum id, luctus nec, molestie sed, justo. Pellentesque viverra pede ac diam. Cras pellentesque volutpat dui. Maecenas tristique, est et tempus semper, est quam pharetra magna, ac consequat metus sapien ut nunc."
7,23,5/17/2017,Mrs,$973.23,"Curabitur gravida nisi at nibh. In hac habitasse platea dictumst. Aliquam augue quam, sollicitudin vitae, consectetuer eget, rutrum at, lorem. Integer tincidunt ante vel ipsum."
8,19,2/26/2017,Mr,$1360.38,"In tempor, turpis nec euismod scelerisque, quam turpis adipiscing lorem, vitae mattis nibh ligula nec sem. Duis aliquam convallis nunc."
9,6,1/17/2017,Dr,$5640.02,Aenean lectus. Pellentesque eget nunc. Donec quis orci eget orci vehicula condimentum. Curabitur in libero ut massa volutpat convallis.
10,18,7/31/2017,Mrs,$4209.76,"Nullam orci pede, venenatis non, sodales sed, tincidunt eu, felis. Fusce posuere felis sed lacus. Morbi sem mauris, laoreet ut, rhoncus aliquet, pulvinar sed, nisl. Nunc rhoncus dui vel sem. Sed sagittis."
11,2,4/11/2017,Honorable,$697.46,"Donec diam neque, vestibulum eget, vulputate ut, ultrices vel, augue. Vestibulum ante ipsum primis in faucibus orci luctus et ultrices posuere cubilia Curae; Donec pharetra, magna vestibulum aliquet ultrices, erat tortor sollicitudin mi, sit amet lobortis sapien sapien non mi. Integer ac neque."
12,14,11/23/2017,Rev,$5714.11,"Donec dapibus. Duis at velit eu est congue elementum. In hac habitasse platea dictumst. Morbi vestibulum, velit id pretium iaculis, diam erat fermentum justo, nec condimentum neque sapien placerat ante. Nulla justo."
13,5,1/13/2017,Rev,$781.01,"Duis consequat dui nec nisi volutpat eleifend. Donec ut dolor. Morbi vel lectus in quam fringilla rhoncus. Mauris enim leo, rhoncus sed, vestibulum sit amet, cursus id, turpis."
14,4,1/18/2017,Mrs,$7725.13,"Proin eu mi. Nulla ac enim. In tempor, turpis nec euismod scelerisque, quam turpis adipiscing lorem, vitae mattis nibh ligula nec sem. Duis aliquam convallis nunc."
15,8,12/6/2017,Mr,$46.53,Duis bibendum. Morbi non quam nec dui luctus rutrum.
16,24,7/25/2017,Rev,$681.57,"Quisque erat eros, viverra eget, congue eget, semper rutrum, nulla. Nunc purus. Phasellus in felis. Donec semper sapien a libero."
17,2,3/3/2017,Ms,$5470.63,"Vivamus metus arcu, adipiscing molestie, hendrerit at, vulputate vitae, nisl. Aenean lectus. Pellentesque eget nunc."
18,14,9/29/2017,Dr,$6234.62,Aliquam quis turpis eget elit sodales scelerisque. Mauris sit amet eros. Suspendisse accumsan tortor quis turpis. Sed ante.
19,14,2/24/2017,Honorable,$7673.13,"Phasellus id sapien in sapien iaculis congue. Vivamus metus arcu, adipiscing molestie, hendrerit at, vulputate vitae, nisl. Aenean lectus. Pellentesque eget nunc. Donec quis orci eget orci vehicula condimentum."
20,12,3/20/2017,Honorable,$7356.83,Praesent id massa id nisl venenatis lacinia.
21,25,9/8/2017,Ms,$5733.09,"Curabitur in libero ut massa volutpat convallis. Morbi odio odio, elementum eu, interdum eu, tincidunt in, leo. Maecenas pulvinar lobortis est. Phasellus sit amet erat. Nulla tempus."
22,7,8/15/2017,Mrs,$9923.36,"Aenean lectus. Pellentesque eget nunc. Donec quis orci eget orci vehicula condimentum. Curabitur in libero ut massa volutpat convallis. Morbi odio odio, elementum eu, interdum eu, tincidunt in, leo."
23,10,3/12/2017,Ms,$5916.29,Cras non velit nec nisi vulputate nonummy.
24,11,1/15/2017,Mr,$8282.65,Vestibulum rutrum rutrum neque.
25,12,10/20/2017,Mr,$1963.73,Pellentesque at nulla.
26,7,11/21/2017,Ms,$4593.05,Vestibulum ante ipsum primis in faucibus orci luctus et ultrices posuere cubilia Curae; Duis faucibus accumsan odio. Curabitur convallis. Duis consequat dui nec nisi volutpat eleifend.
27,11,1/5/2017,Honorable,$2323.62,"Vestibulum ac est lacinia nisi venenatis tristique. Fusce congue, diam id ornare imperdiet, sapien urna pretium nisl, ut volutpat sapien arcu sed augue. Aliquam erat volutpat."
28,9,1/29/2017,Mr,$1084.14,"Maecenas rhoncus aliquam lacus. Morbi quis tortor id nulla ultrices aliquet. Maecenas leo odio, condimentum id, luctus nec, molestie sed, justo."
29,26,6/22/2017,Honorable,$5417.31,Maecenas tincidunt lacus at velit.
30,2,3/17/2017,Honorable,$7583.17,"Morbi quis tortor id nulla ultrices aliquet. Maecenas leo odio, condimentum id, luctus nec, molestie sed, justo. Pellentesque viverra pede ac diam."
,0,,,,
,1,,,,
,2,,,,
,3,,,,
,4,,,,
,5,,,,
,6,,,,
,7,,,,
,8,,,,
,9,,,,
,10,,,,
,11,,,,
,12,,,,
,13,,,,
,14,,,,
,15,,,,
,16,,,,
,17,,,,
,18,,,,
,19,,,,
,20,,,,
,21,,,,
,22,,,,
,23,,,,
,24,,,,
,25,,,,
,26,,,,
,27,,,,
,28,,,,
,29,,,,
